"Review","Added","Outcome","Study","Experimental.mean","Experimental.SD","Experimental.cases","Experimental.N","Control.mean","Control.SD","Control.cases","Control.N","Weight","Mean","CI.start","CI.end","random.sequence.generation..selection.bias.","allocation.concealment..selection.bias.","performance.bias","detection.bias","attrition.bias","reporting.bias","other.bias","Overall.bias","measure","yi","vi"
"Convalescent plasma","2021-05-01","AEs","Agarwal 2020",NA,NA,0,227,NA,NA,0,224,0,NA,NA,NA,NA,NA,NA,NA,NA,NA,NA,"Some concerns","RR",-0.0132452267500209,3.99116959064327
"Convalescent plasma","2021-05-01","AEs","AlQahtani 2021",NA,NA,0,20,NA,NA,0,20,0,NA,NA,NA,NA,NA,NA,NA,NA,NA,NA,"Some concerns","RR",0,3.90476190476191
"Convalescent plasma","2021-05-01","AEs","Simonovich 2020",NA,NA,40,228,NA,NA,21,105,88.5,0.877193,0.545568,1.410397,NA,NA,NA,NA,NA,NA,NA,"Low risk","RR",-0.131028262406404,0.0587092731829574
"Convalescent plasma","2021-05-01","AEs","Avendano-Sola 2021",NA,NA,4,38,NA,NA,4,43,11.5,1.13,0.3,4.22,NA,NA,NA,NA,NA,NA,NA,"Low risk","RR",0.123613955967177,0.450428396572827
"Convalescent plasma","2023-02-01","Improvement","Simonovich 2020",NA,NA,171,228,NA,NA,80,105,3.500273,0.984375,0.863881,1.121676,NA,NA,NA,NA,NA,NA,NA,"Low risk","RR",-0.0157483569681391,0.00443817878028404
"Convalescent plasma","2023-02-01","Improvement","Li 2020",NA,NA,26,51,NA,NA,18,50,0.285518,1.416122,0.896502,2.236918,NA,NA,NA,NA,NA,NA,NA,"Low risk","RR",0.347922152829138,0.0544092508798391
"Convalescent plasma","2023-02-01","Improvement","Devos 2021",NA,NA,257,320,NA,NA,130,163,6.686283,1.006995,0.916217,1.106768,NA,NA,NA,NA,NA,NA,NA,"Low risk","RR",0.0069708394526275,0.00232338895081191
"Convalescent plasma","2023-02-01","Improvement","Gharbharan 2021",NA,NA,31,43,NA,NA,28,43,0.723873,1.107143,0.83082,1.475368,NA,NA,NA,NA,NA,NA,NA,"Some concerns","RR",0.101782694309942,0.021460722323438
"Convalescent plasma","2023-02-01","Improvement","Horby 2021b",NA,NA,3832,5795,NA,NA,3822,5763,88.006019,0.99708,0.971451,1.023385,NA,NA,NA,NA,NA,NA,NA,"Low risk","RR",-0.00292429004665301,0.000176520163161486
"Convalescent plasma","2023-02-01","Improvement","Sekine 2021",NA,NA,44,80,NA,NA,46,80,0.798033,0.956522,0.727668,1.25735,NA,NA,NA,NA,NA,NA,NA,"Low risk","RR",-0.0444517625708337,0.0194664031620553
"Convalescent plasma","2021-05-01","Mortality","Agarwal 2020",NA,NA,34,235,NA,NA,31,229,1.527301,1.068771,0.680511,1.67855,NA,NA,NA,NA,NA,NA,NA,"Some concerns","RR",0.0665098095410956,0.053047697846001
"Convalescent plasma","2021-05-01","Mortality","AlQahtani 2021",NA,NA,1,20,NA,NA,2,20,0.058059,0.5,0.049183,5.08306,NA,NA,NA,NA,NA,NA,NA,"Some concerns","RR",-0.693147180559945,1.4
"Convalescent plasma","2021-05-01","Mortality","Avendano-Sola 2021",NA,NA,7,179,NA,NA,14,171,0.400396,0.477654,0.197579,1.154744,NA,NA,NA,NA,NA,NA,NA,"Low risk","RR",-0.73886942989804,0.202851168890569
"Convalescent plasma","2021-05-01","Mortality","Simonovich 2020",NA,NA,25,228,NA,NA,12,105,0.741705,0.95943,0.501698,1.834781,NA,NA,NA,NA,NA,NA,NA,"Low risk","RR",-0.0414161037167169,0.109423558897243
"Convalescent plasma","2021-05-01","Mortality","Li 2020",NA,NA,8,51,NA,NA,12,50,0.481293,0.653595,0.292191,1.462008,NA,NA,NA,NA,NA,NA,NA,"Low risk","RR",-0.425267735404344,0.168725490196078
"Convalescent plasma","2021-05-01","Mortality","Horby 2021b",NA,NA,1399,5795,NA,NA,1408,5763,64.652202,0.988121,0.926511,1.053828,NA,NA,NA,NA,NA,NA,NA,"Low risk","RR",-0.0119498663896924,0.00107894026613288
"Convalescent plasma","2021-05-01","Mortality","Ray 2022",NA,NA,10,40,NA,NA,14,40,0.668484,0.714286,0.360792,1.414122,NA,NA,NA,NA,NA,NA,NA,"High risk","RR",-0.336472236621213,0.121428571428571
"Convalescent plasma","2023-02-01","Mortality","Holm 2021",NA,NA,2,17,NA,NA,3,14,0.115594,0.54902,0.106134,2.84001,NA,NA,NA,NA,NA,NA,NA,"Some concerns","RR",-0.599621122549122,0.703081232492997
"Convalescent plasma","2023-02-01","Mortality","Kirenga 2021",NA,NA,10,69,NA,NA,8,67,0.415265,1.213768,0.510147,2.887863,NA,NA,NA,NA,NA,NA,NA,"Low risk","RR",0.193729666107916,0.195581873242483
"Convalescent plasma","2023-02-01","Mortality","Korley 2021",NA,NA,5,257,NA,NA,1,254,0.068178,4.941634,0.581396,42.001891,NA,NA,NA,NA,NA,NA,NA,"High risk","RR",1.59769609455742,1.19217194154233
"Convalescent plasma","2023-02-01","Mortality","Menichetti 2021",NA,NA,14,231,NA,NA,19,240,0.702352,0.76555,0.393196,1.49052,NA,NA,NA,NA,NA,NA,NA,"Low risk","RR",-0.267160436730984,0.115564479380269
"Ivermectin COVID-19","2021-07-01","Mortality","Gonzalez 2021",NA,NA,5,36,NA,NA,6,37,79.463014,0.856481,0.286661,2.558987,NA,NA,NA,NA,NA,NA,NA,"Some concerns","RR",-0.15492258260584,0.311861861861862
"Ivermectin COVID-19","2021-07-01","Mortality","Kirti 2021",NA,NA,0,55,NA,NA,3,57,20.536986,0.147959,0.007819,2.799748,NA,NA,NA,NA,NA,NA,NA,"Some concerns","RR",-1.91081882924404,2.2506157635468
"Ivermectin COVID-19","2022-06-01","Mortality","Krolewiecki 2021",NA,NA,0,30,NA,NA,0,15,0,NA,NA,NA,NA,NA,NA,NA,NA,NA,NA,"Low risk","RR",-0.661398482245365,3.90524193548387
"Remdesivir COVID-19","2023-01-01","Mortality","Beigel 2020",NA,NA,59,541,NA,NA,77,521,18.349444,0.737907,0.53741,1.013205,NA,NA,NA,NA,NA,NA,NA,"Low risk","RR",-0.303937215041079,0.0261683508973509
"Remdesivir COVID-19","2023-01-01","Mortality","Spinner 2020",NA,NA,3,193,NA,NA,4,200,0.837779,0.777202,0.176245,3.427294,NA,NA,NA,NA,NA,NA,NA,"Low risk","RR",-0.25205489480863,0.573151986183074
"Remdesivir COVID-19","2023-01-01","Mortality","WHO Solidarity Trial Consortium 2022",NA,NA,285,2743,NA,NA,289,2708,77.011066,0.973576,0.833982,1.136536,NA,NA,NA,NA,NA,NA,NA,"Low risk","RR",-0.0267793647492192,0.00623513897806279
"Remdesivir COVID-19","2023-01-01","Mortality","Wang 2020",NA,NA,22,158,NA,NA,10,78,3.80171,1.086076,0.541188,2.179577,NA,NA,NA,NA,NA,NA,NA,"Some concerns","RR",0.0825711540268952,0.126304918709982
"Systemic corticosteroids COVID-19","2022-11-01","Mortality30","Angus 2020a",NA,NA,37,141,NA,NA,17,52,2.469,0.80267,0.497575,1.294838,NA,NA,NA,NA,NA,NA,NA,"Some concerns","RR",-0.219811603208732,0.0595275886264622
"Systemic corticosteroids COVID-19","2022-11-01","Mortality30","Angus 2020b",NA,NA,41,137,NA,NA,16,49,2.483384,0.916515,0.568936,1.476439,NA,NA,NA,NA,NA,NA,NA,"Some concerns","RR",-0.0871772832529716,0.0591828105641402
"Systemic corticosteroids COVID-19","2022-11-01","Mortality30","Corral-Gudino 2021",NA,NA,7,35,NA,NA,5,29,0.525276,1.16,0.411342,3.271244,NA,NA,NA,NA,NA,NA,NA,"Some concerns","RR",0.148420005118273,0.279802955665025
"Systemic corticosteroids COVID-19","2022-11-01","Mortality30","Dequin 2020",NA,NA,11,76,NA,NA,20,73,1.288648,0.528289,0.272525,1.024087,NA,NA,NA,NA,NA,NA,NA,"Some concerns","RR",-0.63811089989356,0.114052566035263
"Systemic corticosteroids COVID-19","2022-11-01","Mortality30","Horby 2021",NA,NA,482,2104,NA,NA,1110,4321,64.778156,0.89179,0.812302,0.979056,NA,NA,NA,NA,NA,NA,NA,"Some concerns","RR",-0.114524618181447,0.00226887661627277
"Systemic corticosteroids COVID-19","2022-11-01","Mortality30","Jamaati 2021",NA,NA,16,25,NA,NA,15,25,2.989294,1.066667,0.690696,1.647291,NA,NA,NA,NA,NA,NA,NA,"Some concerns","RR",0.0645385211375712,0.0491666666666667
"Systemic corticosteroids COVID-19","2022-11-01","Mortality30","Jeronimo 2020",NA,NA,79,209,NA,NA,80,207,9.456168,0.97805,0.766023,1.248764,NA,NA,NA,NA,NA,NA,NA,"Some concerns","RR",-0.0221942409063021,0.0155426209784898
"Systemic corticosteroids COVID-19","2022-11-01","Mortality30","Munch 2021a",NA,NA,6,16,NA,NA,2,14,0.275883,2.625,0.627837,10.97519,NA,NA,NA,NA,NA,NA,NA,"Low risk","RR",0.965080896043587,0.532738095238095
"Systemic corticosteroids COVID-19","2022-11-01","Mortality30","Tang 2021",NA,NA,0,43,NA,NA,1,43,0.056071,0.333333,0.013956,7.961364,NA,NA,NA,NA,NA,NA,NA,"Low risk","RR",-1.09861228866811,2.62121212121212
"Systemic corticosteroids COVID-19","2022-11-01","Mortality30","Tomazini 2020",NA,NA,85,151,NA,NA,91,148,15.678119,0.915508,0.757264,1.10682,NA,NA,NA,NA,NA,NA,NA,"Some concerns","RR",-0.0882758130773429,0.00937444355831578
"Chronic rhinosinusitis","2021-03-01","SAEs","Bachert 2016",NA,NA,2,30,NA,NA,4,30,8.884596,0.5,0.098931,2.527011,"Low risk","Low risk","Low risk","Low risk","High risk","Unclear risk","Low risk",NA,"RR",-0.693147180559945,0.683333333333333
"Chronic rhinosinusitis","2021-03-01","SAEs","LIBERTY SINUS 24",NA,NA,6,143,NA,NA,19,132,43.889903,0.291498,0.120086,0.707586,"Low risk","Low risk","Low risk","Low risk","Unclear risk","Unclear risk","Low risk",NA,"RR",-1.23272221761192,0.204729481045271
"Chronic rhinosinusitis","2021-03-01","SAEs","LIBERTY SINUS 52",NA,NA,20,297,NA,NA,16,150,47.225502,0.631313,0.33711,1.182272,"Low risk","Low risk","Low risk","Low risk","High risk","Unclear risk","Low risk",NA,"RR",-0.459953293392234,0.10246632996633
"Chronic rhinosinusitis","2021-03-01","Avoidance","LIBERTY SINUS 24",NA,NA,3,143,NA,NA,10,133,55.659208,0.279021,0.078482,0.991983,"Low risk","Low risk","Low risk","Low risk","Unclear risk","Unclear risk","Low risk",NA,"RR",-1.27646830636409,0.418821529347845
"Chronic rhinosinusitis","2021-03-01","Avoidance","LIBERTY SINUS 52",NA,NA,2,295,NA,NA,12,154,44.340792,0.087006,0.019723,0.383824,"Low risk","Low risk","Low risk","Low risk","High risk","Unclear risk","Low risk",NA,"RR",-2.44178222315425,0.573449996331352
"Chronic rhinosinusitis","2021-03-01","AEs","Bachert 2016",NA,NA,14,30,NA,NA,10,30,19.019813,1.4,0.742369,2.640195,"Low risk","Low risk","Low risk","Low risk","High risk","Unclear risk","Low risk",NA,"RR",0.336472236621213,0.104761904761905
"Chronic rhinosinusitis","2021-03-01","AEs","LIBERTY SINUS 24",NA,NA,19,143,NA,NA,20,133,22.611858,0.883566,0.49381,1.58095,"Low risk","Low risk","Low risk","Low risk","Unclear risk","Unclear risk","Low risk",NA,"RR",-0.123788796425704,0.0881197749618802
"Chronic rhinosinusitis","2021-03-01","AEs","LIBERTY SINUS 52",NA,NA,61,297,NA,NA,36,150,58.36833,0.85578,0.595787,1.22923,"Low risk","Low risk","Low risk","Low risk","High risk","Unclear risk","Low risk",NA,"RR",-0.155741918989242,0.0341375503670586
"Convalescent plasma","2023-02-01","Mortality","Bar 2021",NA,NA,2,40,NA,NA,10,39,0.147929,0.195,0.045618,0.833556,NA,NA,NA,NA,NA,NA,NA,"Not applicable","RR",-1.63475572041839,0.549358974358974
"Convalescent plasma","2023-02-01","Mortality","De Santis 2022",NA,NA,8,36,NA,NA,18,71,0.585377,0.876543,0.422447,1.818754,NA,NA,NA,NA,NA,NA,NA,"Some concerns","RR",-0.131769277631123,0.138693270735524
"Convalescent plasma","2023-02-01","Mortality","Estcourt 2021",NA,NA,352,1074,NA,NA,300,904,18.837778,0.98761,0.870637,1.120299,NA,NA,NA,NA,NA,NA,NA,"Low risk","RR",-0.0124672137347375,0.00413694903751511
"Convalescent plasma","2023-02-01","Mortality","Begin 2021",NA,NA,141,614,NA,NA,63,307,4.452505,1.119048,0.859799,1.456466,NA,NA,NA,NA,NA,NA,NA,"Low risk","RR",0.11247798342669,0.0180792209692341
"Convalescent plasma","2023-02-01","Mortality","Devos 2021",NA,NA,29,320,NA,NA,14,163,0.839538,1.055134,0.573693,1.9406,NA,NA,NA,NA,NA,NA,NA,"Low risk","RR",0.0536677053842052,0.0966513607241077
"Convalescent plasma","2023-02-01","Mortality","Gharbharan 2021",NA,NA,6,43,NA,NA,11,43,0.384829,0.545455,0.221667,1.342194,NA,NA,NA,NA,NA,NA,NA,"Not applicable","RR",-0.606135803570315,0.211064129668781
"Convalescent plasma","2023-02-01","Mortality","Koerper 2021",NA,NA,8,53,NA,NA,14,52,0.512858,0.560647,0.257034,1.222893,NA,NA,NA,NA,NA,NA,NA,"Low risk","RR",-0.578663982906117,0.1583298776695
"Convalescent plasma","2023-02-01","Mortality","Ortigoza 2022",NA,NA,59,462,NA,NA,71,462,3.02392,0.830986,0.603245,1.144704,NA,NA,NA,NA,NA,NA,NA,"Low risk","RR",-0.185142433135596,0.0267046552556221
"Convalescent plasma","2023-02-01","Mortality","Sekine 2021",NA,NA,18,80,NA,NA,13,80,0.755104,1.384615,0.728235,2.63261,NA,NA,NA,NA,NA,NA,NA,"Low risk","RR",0.325422400434628,0.107478632478632
"Convalescent plasma","2023-02-01","Mortality","Van den Berg 2022",NA,NA,11,52,NA,NA,13,51,0.629334,0.829882,0.410489,1.677764,NA,NA,NA,NA,NA,NA,NA,"Low risk","RR",-0.186472170520268,0.128993555464144
"Convalescent plasma","2023-02-01","SAEs","Simonovich 2020",NA,NA,54,228,NA,NA,19,105,14.914525,1.308864,0.818927,2.091916,NA,NA,NA,NA,NA,NA,NA,"Low risk","RR",0.269159788600916,0.0572403230297967
"Convalescent plasma","2023-02-01","SAEs","Bar 2021",NA,NA,12,40,NA,NA,15,39,10.218532,0.78,0.420519,1.446785,NA,NA,NA,NA,NA,NA,NA,"Some concerns","RR",-0.2484613592985,0.0993589743589744
"Convalescent plasma","2023-02-01","SAEs","Begin 2021",NA,NA,205,614,NA,NA,81,307,29.240274,1.265432,1.017868,1.573209,NA,NA,NA,NA,NA,NA,NA,"Not applicable","RR",0.235413643906024,0.0123377343074915
"Convalescent plasma","2023-02-01","SAEs","Devos 2021",NA,NA,66,320,NA,NA,34,163,19.607727,0.988787,0.684178,1.429014,NA,NA,NA,NA,NA,NA,NA,"Some concerns","RR",-0.0112765775767458,0.0353033105322441
"Convalescent plasma","2023-02-01","SAEs","Estcourt 2021",NA,NA,32,1075,NA,NA,12,905,9.301444,2.244961,1.163178,4.332829,NA,NA,NA,NA,NA,NA,NA,"Some concerns","RR",0.808688256149889,0.112548128399503
"Convalescent plasma","2023-02-01","SAEs","Koerper 2021",NA,NA,22,53,NA,NA,25,52,16.717498,0.863396,0.563608,1.322646,NA,NA,NA,NA,NA,NA,NA,"Some concerns","RR",-0.146881566480579,0.0473558516954743
"Convalescent plasma","2023-02-01","Worsening","Agarwal 2020",NA,NA,44,235,NA,NA,41,229,3.013233,1.045771,0.711916,1.536188,NA,NA,NA,NA,NA,NA,NA,"Some concerns","RR",0.0447540566240339,0.0384953852537013
"Convalescent plasma","2023-02-01","Worsening","Korley 2021",NA,NA,8,257,NA,NA,3,254,0.264252,2.635538,0.707205,9.821847,NA,NA,NA,NA,NA,NA,NA,"High risk","RR",0.969087435135043,0.45050527487566
"Convalescent plasma","2023-02-01","Worsening","Simonovich 2020",NA,NA,44,228,NA,NA,22,105,2.154855,0.921053,0.583426,1.454064,NA,NA,NA,NA,NA,NA,NA,"Low risk","RR",-0.0822380982369721,0.054272043745728
"Convalescent plasma","2023-02-01","Worsening","Estcourt 2021",NA,NA,347,701,NA,NA,275,606,26.21962,1.090816,0.972336,1.223733,NA,NA,NA,NA,NA,NA,NA,"Low risk","RR",0.0869257813150123,0.00344150947672764
"Convalescent plasma","2023-02-01","Worsening","Begin 2021",NA,NA,199,614,NA,NA,86,307,9.267648,1.156977,0.935383,1.431066,NA,NA,NA,NA,NA,NA,NA,"Low risk","RR",0.145810347911039,0.0117670391195429
"Convalescent plasma","2023-02-01","Worsening","Horby 2021b",NA,NA,1568,5493,NA,NA,1568,5448,59.080393,0.991808,0.93487,1.052213,NA,NA,NA,NA,NA,NA,NA,"Low risk","RR",-0.00822598551327225,0.000909906724763542
"Ivermectin COVID-19","2022-06-01","SAEs","Krolewiecki 2021",NA,NA,1,30,NA,NA,0,15,100,1.548387,0.066803,35.889386,NA,NA,NA,NA,NA,NA,NA,"Some concerns","RR",0.437213806422744,2.57190860215054
"Ivermectin COVID-19","2022-06-01","SAEs","Mohan 2021",NA,NA,0,100,NA,NA,0,52,0,NA,NA,NA,NA,NA,NA,NA,NA,NA,NA,"Some concerns","RR",-0.644828603289138,3.97123108537269
"Ivermectin COVID-19","2022-06-01","AEs","Krolewiecki 2021",NA,NA,13,30,NA,NA,5,15,42.656704,1.3,0.570045,2.964679,NA,NA,NA,NA,NA,NA,NA,"High risk","RR",0.262364264467491,0.176923076923077
"Ivermectin COVID-19","2022-06-01","AEs","Mohan 2021",NA,NA,14,100,NA,NA,6,52,36.133266,1.213333,0.495412,2.971623,NA,NA,NA,NA,NA,NA,NA,"Some concerns","RR",0.193371392980539,0.208864468864469
"Ivermectin COVID-19","2022-06-01","AEs","Pott-Junior 2021",NA,NA,7,27,NA,NA,2,4,21.210031,0.518519,0.161071,1.669212,NA,NA,NA,NA,NA,NA,NA,"High risk","RR",-0.656779536389071,0.355820105820106
"Ivermectin COVID-19","2022-06-01","Viral clearance","Kirti 2021",NA,NA,13,32,NA,NA,18,44,38.639064,0.993056,0.573434,1.719745,NA,NA,NA,NA,NA,NA,NA,"High risk","RR",-0.00696866931609341,0.0785013597513597
"Ivermectin COVID-19","2022-06-01","Viral clearance","Mohan 2021",NA,NA,33,80,NA,NA,14,45,45.265589,1.325893,0.798298,2.202175,NA,NA,NA,NA,NA,NA,NA,"Low risk","RR",0.28208608694766,0.0670093795093795
"Ivermectin COVID-19","2022-06-01","Viral clearance","Pott-Junior 2021",NA,NA,17,27,NA,NA,2,3,16.095347,0.944444,0.403329,2.211532,NA,NA,NA,NA,NA,NA,NA,"High risk","RR",-0.0571584138399485,0.188453159041394
"Non-small cell lung cancer","2021-04-01","AEs","Carbone 2017",NA,NA,47,267,NA,NA,133,263,17.866873,0.348089,0.261586,0.463198,"Low risk","Low risk","High risk","Low risk","Low risk","Low risk","High risk",NA,"RR",-1.05529615273418,0.0212477930162808
"Non-small cell lung cancer","2021-04-01","AEs","Herbst 2020",NA,NA,37,277,NA,NA,116,263,15.675273,0.302845,0.217866,0.420969,"Low risk","Low risk","Low risk","Low risk","Low risk","Low risk","High risk",NA,"RR",-1.19453575247171,0.0282353270101291
"Non-small cell lung cancer","2021-04-01","AEs","Mok 2019",NA,NA,100,636,NA,NA,238,615,22.473484,0.406295,0.33079,0.499033,"Low risk","Low risk","Low risk","Low risk","Low risk","Low risk","High risk",NA,"RR",-0.900676783216988,0.0110033373680812
"Non-small cell lung cancer","2021-04-01","AEs","Reck 2016",NA,NA,46,154,NA,NA,77,150,17.753845,0.581886,0.436351,0.775961,"Low risk","Low risk","High risk","Low risk","Low risk","Low risk","High risk",NA,"RR",-0.541481333681962,0.0215659702616224
"Non-small cell lung cancer","2021-04-01","AEs","Rizvi 2020",NA,NA,53,369,NA,NA,116,352,17.6236,0.435847,0.326031,0.582651,"Low risk","Low risk","High risk","Low risk","High risk","Low risk","High risk",NA,"RR",-0.830463745996673,0.0219376779922942
"Remdesivir COVID-19","2021-08-01","AEs","Beigel 2020",NA,NA,305,532,NA,NA,323,516,31.016203,0.915873,0.829455,1.011295,NA,NA,NA,NA,NA,NA,NA,"Some concerns","RR",-0.0878772704753265,0.00255698001254397
"Remdesivir COVID-19","2021-08-01","AEs","Spinner 2020",NA,NA,113,193,NA,NA,93,200,20.559826,1.259123,1.040997,1.522954,NA,NA,NA,NA,NA,NA,NA,"Some concerns","RR",0.230415503202236,0.00942089854390784
"Remdesivir COVID-19","2023-01-01","AEs","WHO Solidarity France 2021",NA,NA,241,406,NA,NA,236,418,28.9279,1.051369,0.935779,1.181238,NA,NA,NA,NA,NA,NA,NA,"Some concerns","RR",0.0500934013880687,0.00353126704415444
"Remdesivir COVID-19","2021-08-01","AEs","Wang 2020",NA,NA,102,155,NA,NA,50,78,19.496071,1.026581,0.839535,1.255299,NA,NA,NA,NA,NA,NA,NA,"Some concerns","RR",0.02623351762647,0.0105317958448888
"Remdesivir COVID-19","2021-08-01","SAEs","Beigel 2020",NA,NA,130,532,NA,NA,163,516,37.366193,0.77356,0.635818,0.941141,NA,NA,NA,NA,NA,NA,NA,"Some concerns","RR",-0.256752474211262,0.0100095932732167
"Remdesivir COVID-19","2021-08-01","SAEs","Spinner 2020",NA,NA,10,193,NA,NA,18,200,9.136334,0.575705,0.272681,1.215475,NA,NA,NA,NA,NA,NA,NA,"Some concerns","RR",-0.552159487258968,0.145374208405296
"Remdesivir COVID-19","2023-01-01","SAEs","WHO Solidarity France 2021",NA,NA,135,406,NA,NA,130,418,37.167059,1.069155,0.876773,1.30375,NA,NA,NA,NA,NA,NA,NA,"Some concerns","RR",0.0668686009058708,0.0102443164149153
"Remdesivir COVID-19","2021-08-01","SAEs","Wang 2020",NA,NA,28,155,NA,NA,20,78,16.330415,0.704516,0.425091,1.167616,NA,NA,NA,NA,NA,NA,NA,"Some concerns","RR",-0.350244053608442,0.0664421599905471
"Systemic corticosteroids COVID-19","2022-11-01","Mortality120","Edalatifard 2020",NA,NA,2,34,NA,NA,12,28,26.489611,0.137255,0.033479,0.562703,NA,NA,NA,NA,NA,NA,NA,"Some concerns","RR",-1.98591548366901,0.518207282913165
"Systemic corticosteroids COVID-19","2022-11-01","Mortality120","Jeronimo 2020",NA,NA,80,194,NA,NA,82,199,42.929989,1.000754,0.790269,1.267302,NA,NA,NA,NA,NA,NA,NA,"Some concerns","RR",0.000754053070792682,0.0145153571478211
"Systemic corticosteroids COVID-19","2022-11-01","Mortality120","Munch 2021a",NA,NA,7,16,NA,NA,3,14,30.5804,2.041667,0.648642,6.426353,NA,NA,NA,NA,NA,NA,NA,"Low risk","RR",0.713766467762681,0.342261904761905
"Oral anticoagulation","2021-10-01","Mortality6","Chahinian 1989",NA,NA,28,100,NA,NA,33,84,20.657497,0.712727,0.472221,1.075725,"Low risk","High risk","High risk","Low risk","Low risk","Low risk","Low risk",NA,"RR",-0.338656438436054,0.0441125541125541
"Oral anticoagulation","2021-10-01","Mortality6","Maurer 1997",NA,NA,12,176,NA,NA,12,168,6.12784,0.954545,0.441208,2.065143,"Low risk","Low risk","High risk","Low risk","Low risk","Low risk","Low risk",NA,"RR",-0.0465200156348926,0.155032467532468
"Oral anticoagulation","2021-10-01","Mortality6","Zacharski 1984",NA,NA,100,210,NA,NA,99,208,73.214663,1.000481,0.818194,1.22338,"Low risk","High risk","High risk","Low risk","Low risk","Low risk","Low risk",NA,"RR",0.000480884837350759,0.010531413031413
"Oral anticoagulation","2021-10-01","Mortality12","Chahinian 1989",NA,NA,74,100,NA,NA,68,84,30.195846,0.914118,0.782279,1.068175,"Low risk","High risk","High risk","Low risk","Low risk","Low risk","Low risk",NA,"RR",-0.0897959991167147,0.00631463396169279
"Oral anticoagulation","2021-10-01","Mortality12","Levine 1994",NA,NA,87,152,NA,NA,99,159,21.848923,0.919258,0.765455,1.103966,"Low risk","High risk","Low risk","Low risk","Low risk","Low risk","Low risk",NA,"RR",-0.0841880501060511,0.00872700743005164
"Oral anticoagulation","2021-10-01","Mortality12","Maurer 1997",NA,NA,47,176,NA,NA,48,168,6.256641,0.934659,0.663829,1.315982,"Low risk","Low risk","High risk","Low risk","Low risk","Low risk","Low risk",NA,"RR",-0.0675734248327251,0.030475729943815
"Oral anticoagulation","2021-10-01","Mortality12","Stanford 1979",NA,NA,9,12,NA,NA,6,12,1.716081,1.5,0.780472,2.88287,"Low risk","High risk","High risk","Low risk","Low risk","Unclear risk","Low risk",NA,"RR",0.405465108108164,0.111111111111111
"Oral anticoagulation","2021-10-01","Mortality12","Zacharski 1984",NA,NA,138,210,NA,NA,141,208,39.982508,0.969402,0.846685,1.109906,"Low risk","High risk","High risk","Low risk","Low risk","Low risk","Low risk",NA,"RR",-0.0310756562371143,0.00476897832355742
"Oral anticoagulation","2021-10-01","Major bleeding","Chahinian 1989",NA,NA,7,100,NA,NA,0,84,2.507979,12.623762,0.731575,217.830649,"Low risk","High risk","High risk","Low risk","Low risk","Low risk","Low risk",NA,"RR",2.53558094075127,2.11166763735197
"Oral anticoagulation","2021-10-01","Major bleeding","Levine 1994",NA,NA,1,152,NA,NA,2,159,3.539925,0.523026,0.047918,5.708827,"Low risk","High risk","Low risk","Low risk","Low risk","Low risk","Low risk",NA,"RR",-0.64812349918599,1.48713174445548
"Oral anticoagulation","2021-10-01","Major bleeding","Maurer 1997",NA,NA,12,176,NA,NA,3,168,12.330959,3.818182,1.096815,13.291673,"Low risk","Low risk","High risk","Low risk","Low risk","Low risk","Low risk",NA,"RR",1.339774345485,0.405032467532468
"Oral anticoagulation","2021-10-01","Major bleeding","Stanford 1979",NA,NA,0,12,NA,NA,0,12,0,NA,NA,NA,"Low risk","High risk","High risk","Low risk","Low risk","Unclear risk","Low risk",NA,"RR",0,3.84615384615385
"Oral anticoagulation","2021-10-01","Major bleeding","Zacharski 1984",NA,NA,88,210,NA,NA,30,208,81.621136,2.905397,2.012198,4.195079,"Low risk","High risk","High risk","Low risk","Low risk","Low risk","Low risk",NA,"RR",1.0665699817999,0.0351273726273726
"Oral anticoagulation","2021-10-01","Minor bleeding","Chahinian 1989",NA,NA,29,100,NA,NA,3,84,17.379132,8.12,2.564061,25.714829,"Low risk","High risk","High risk","Low risk","Low risk","Low risk","Low risk",NA,"RR",2.09433015417359,0.345911330049261
"Oral anticoagulation","2021-10-01","Minor bleeding","Levine 1994",NA,NA,7,152,NA,NA,3,159,13.55283,2.440789,0.64289,9.266683,"Low risk","High risk","Low risk","Low risk","Low risk","Low risk","Low risk",NA,"RR",0.892321541761159,0.463322220645955
"Oral anticoagulation","2021-10-01","Minor bleeding","Maurer 1997",NA,NA,73,176,NA,NA,27,168,66.269703,2.580808,1.751614,3.802534,"Low risk","Low risk","High risk","Low risk","Low risk","Low risk","Low risk",NA,"RR",0.948102559509169,0.0391014680398242
"Oral anticoagulation","2021-10-01","Minor bleeding","Stanford 1979",NA,NA,1,12,NA,NA,0,12,2.798335,3,0.134217,67.055684,"Low risk","High risk","High risk","Low risk","Low risk","Unclear risk","Low risk",NA,"RR",1.09861228866811,2.51282051282051
"Inhaled corticosteroids COVID-19","2022-03-01","Mortality","Clemency 2021",NA,NA,0,197,NA,NA,0,203,0,NA,NA,NA,NA,NA,NA,NA,NA,NA,NA,"Low risk","RR",0.0298529631496809,3.99004753416518
"Inhaled corticosteroids COVID-19","2022-03-01","Mortality","Ramakrishnan 2021",NA,NA,0,73,NA,NA,0,73,0,NA,NA,NA,NA,NA,NA,NA,NA,NA,NA,"Some concerns","RR",0,3.97297297297297
"Inhaled corticosteroids COVID-19","2022-03-01","Mortality","Yu 2021",NA,NA,6,787,NA,NA,10,799,100,0.609149,0.222458,1.668008,NA,NA,NA,NA,NA,NA,NA,"Low risk","RR",-0.49569292641712,0.264144454180602
"Inhaled corticosteroids COVID-19","2022-03-01","Hospital or death","Clemency 2021",NA,NA,3,197,NA,NA,7,203,6.06505,0.441624,0.115843,1.68359,NA,NA,NA,NA,NA,NA,NA,"Low risk","RR",-0.817295610083404,0.466188225684112
"Inhaled corticosteroids COVID-19","2022-03-01","Hospital or death","Yu 2021",NA,NA,52,787,NA,NA,75,838,93.93495,0.738263,0.525452,1.037265,NA,NA,NA,NA,NA,NA,NA,"Low risk","RR",-0.303454542890203,0.0301001371111726
"Inhaled corticosteroids COVID-19","2022-03-01","Symptom resolution","Clemency 2021",NA,NA,81,197,NA,NA,76,203,12.460062,1.09825,0.860445,1.401779,NA,NA,NA,NA,NA,NA,NA,"High risk","RR",0.0937180646899066,0.0155013232428238
"Inhaled corticosteroids COVID-19","2022-03-01","Symptom resolution","Yu 2021",NA,NA,462,787,NA,NA,390,799,87.539938,1.202678,1.096899,1.318658,NA,NA,NA,NA,NA,NA,NA,"High risk","RR",0.184550849306918,0.00220639224253971
"Janus kinase inhibitors COVID-19","2022-06-01","Mortality28","Cao 2020",NA,NA,0,20,NA,NA,3,21,0.652719,0.14966,0.008216,2.726012,NA,NA,NA,NA,NA,NA,NA,"Some concerns","RR",-1.89939013342042,2.19264069264069
"Janus kinase inhibitors COVID-19","2022-06-01","Mortality28","Ely 2022",NA,NA,20,51,NA,NA,29,50,18.213861,0.676133,0.446391,1.024113,NA,NA,NA,NA,NA,NA,NA,"Low risk","RR",-0.391366183728663,0.0448749154834348
"Janus kinase inhibitors COVID-19","2022-06-01","Mortality28","Guimarães 2021",NA,NA,4,144,NA,NA,8,145,3.670655,0.503472,0.155036,1.635001,NA,NA,NA,NA,NA,NA,NA,"Low risk","RR",-0.686226737715371,0.361159003831418
"Janus kinase inhibitors COVID-19","2022-06-01","Mortality28","Horby 2022",NA,NA,513,4148,NA,NA,546,4008,38.018566,0.907849,0.811313,1.015872,NA,NA,NA,NA,NA,NA,NA,"High risk","RR",-0.0966770571588527,0.00329023853371646
"Janus kinase inhibitors COVID-19","2022-06-01","Mortality28","Kalil 2021",NA,NA,24,515,NA,NA,37,518,14.572655,0.652427,0.39611,1.074604,NA,NA,NA,NA,NA,NA,NA,"Low risk","RR",-0.427055740700532,0.0648214441903762
"Janus kinase inhibitors COVID-19","2022-06-01","Mortality28","Marconi 2021",NA,NA,62,764,NA,NA,100,761,24.871544,0.617565,0.457277,0.834039,NA,NA,NA,NA,NA,NA,NA,"Low risk","RR",-0.481970232247835,0.0235060712877238
"Janus kinase inhibitors COVID-19","2022-06-01","Mortality60","Ely 2022",NA,NA,23,51,NA,NA,31,50,34.053386,0.727388,0.501157,1.055743,NA,NA,NA,NA,NA,NA,NA,"Low risk","RR",-0.318295615852176,0.0361284822484393
"Janus kinase inhibitors COVID-19","2022-06-01","Mortality60","Marconi 2021",NA,NA,79,764,NA,NA,116,761,65.946614,0.67836,0.519036,0.886591,NA,NA,NA,NA,NA,NA,NA,"Low risk","RR",-0.388076769944178,0.0186559565329329
"Janus kinase inhibitors COVID-19","2022-06-01","AEs","Ely 2022",NA,NA,44,50,NA,NA,47,49,45.973539,0.917447,0.815717,1.031864,NA,NA,NA,NA,NA,NA,NA,"Some concerns","RR",-0.0861606751093168,0.00359570520664746
"Janus kinase inhibitors COVID-19","2022-06-01","AEs","Guimarães 2021",NA,NA,37,142,NA,NA,32,142,5.847681,1.15625,0.765794,1.745788,NA,NA,NA,NA,NA,NA,NA,"Some concerns","RR",0.145182009844498,0.0441925199847735
"Janus kinase inhibitors COVID-19","2022-06-01","AEs","Marconi 2021",NA,NA,334,750,NA,NA,334,752,48.17878,1.002667,0.895519,1.122635,NA,NA,NA,NA,NA,NA,NA,"Some concerns","RR",0.00266311741948377,0.00332490338471992
"Janus kinase inhibitors COVID-19","2022-06-01","SAEs","Ely 2022",NA,NA,25,50,NA,NA,35,49,20.328667,0.7,0.503791,0.972626,NA,NA,NA,NA,NA,NA,NA,"Some concerns","RR",-0.356674943938732,0.0281632653061225
"Janus kinase inhibitors COVID-19","2022-06-01","SAEs","Guimarães 2021",NA,NA,20,142,NA,NA,17,142,6.043145,1.176471,0.643552,2.150693,NA,NA,NA,NA,NA,NA,NA,"Some concerns","RR",0.162518929497775,0.0947390223695112
"Janus kinase inhibitors COVID-19","2022-06-01","SAEs","Kalil 2021",NA,NA,81,507,NA,NA,107,509,32.246655,0.759996,0.585318,0.986802,NA,NA,NA,NA,NA,NA,NA,"Low risk","RR",-0.274442666830128,0.0177544502748582
"Janus kinase inhibitors COVID-19","2022-06-01","SAEs","Marconi 2021",NA,NA,110,750,NA,NA,135,752,41.381534,0.816988,0.648776,1.028813,NA,NA,NA,NA,NA,NA,NA,"Some concerns","RR",-0.20213129522653,0.0138351959309406
"Janus kinase inhibitors COVID-19","2022-06-01","Infection","Ely 2022",NA,NA,35,50,NA,NA,35,49,16.772052,0.98,0.760523,1.262815,NA,NA,NA,NA,NA,NA,NA,"Some concerns","RR",-0.0202027073175196,0.016734693877551
"Janus kinase inhibitors COVID-19","2022-06-01","Infection","Guimarães 2021",NA,NA,7,142,NA,NA,8,142,1.10601,0.875,0.325993,2.348595,NA,NA,NA,NA,NA,NA,NA,"Some concerns","RR",-0.133531392624523,0.253772635814889
"Janus kinase inhibitors COVID-19","2022-06-01","Infection","Horby 2022",NA,NA,403,4148,NA,NA,393,4008,61.886275,0.990835,0.868315,1.130643,NA,NA,NA,NA,NA,NA,NA,"High risk","RR",-0.00920697650729529,0.00453533780367349
"Janus kinase inhibitors COVID-19","2022-06-01","Infection","Marconi 2021",NA,NA,119,750,NA,NA,123,752,20.235663,0.97006,0.770106,1.22193,NA,NA,NA,NA,NA,NA,NA,"Some concerns","RR",-0.0303977448414043,0.0138703220779749
"Colchicine COVID-19","2021-10-01","Mortality","Deftereos 2020",NA,NA,1,55,NA,NA,4,50,0.354645,0.227273,0.026274,1.965949,NA,NA,NA,NA,NA,NA,NA,"High risk","RR",-1.48160454092422,1.21181818181818
"Colchicine COVID-19","2021-10-01","Mortality","Horby 2021",NA,NA,1173,5610,NA,NA,1190,5730,99.645355,1.006799,0.937093,1.08169,NA,NA,NA,NA,NA,NA,NA,"High risk","RR",0.0067760737399436,0.00134007786422725
"Colchicine COVID-19","2021-10-01","Worsening","Deftereos 2020",NA,NA,1,55,NA,NA,6,50,0.471366,0.151515,0.01889,1.215315,NA,NA,NA,NA,NA,NA,NA,"High risk","RR",-1.88706964903238,1.12848484848485
"Colchicine COVID-19","2021-10-01","Worsening","Horby 2021",NA,NA,1344,5342,NA,NA,1343,5469,99.528634,1.024536,0.95953,1.093947,NA,NA,NA,NA,NA,NA,NA,"High risk","RR",0.0242399942367237,0.00111860466630171
"Fluvoxamine COVID-19","2022-09-01","Mortality","Lenze 2020",NA,NA,0,80,NA,NA,0,72,0,NA,NA,NA,NA,NA,NA,NA,NA,NA,NA,"High risk","RR",-0.103989713524048,3.97395569085067
"Fluvoxamine COVID-19","2022-09-01","Mortality","TOGETHER 2021",NA,NA,17,741,NA,NA,25,756,100,0.693765,0.377807,1.273959,NA,NA,NA,NA,NA,NA,NA,"Low risk","RR",-0.365621729928538,0.0961512504236963
"Fluvoxamine COVID-19","2022-09-01","Hospital or death","Lenze 2020",NA,NA,1,80,NA,NA,5,72,23.49339,0.18,0.021535,1.504553,NA,NA,NA,NA,NA,NA,NA,"Low risk","RR",-1.71479842809193,1.17361111111111
"Fluvoxamine COVID-19","2022-09-01","Hospital or death","TOGETHER 2021",NA,NA,76,741,NA,NA,99,756,76.50661,0.783217,0.591223,1.037559,NA,NA,NA,NA,NA,NA,NA,"Low risk","RR",-0.244345758964813,0.0205866258497837
"Fluvoxamine COVID-19","2022-09-01","SAEs","Lenze 2020",NA,NA,1,80,NA,NA,5,72,25.015528,0.18,0.021535,1.504553,NA,NA,NA,NA,NA,NA,NA,"High risk","RR",-1.71479842809193,1.17361111111111
"Fluvoxamine COVID-19","2022-09-01","SAEs","TOGETHER 2021",NA,NA,77,741,NA,NA,96,756,74.984472,0.81832,0.617112,1.085132,NA,NA,NA,NA,NA,NA,NA,"High risk","RR",-0.200502018730706,0.0207314006656112
"Fluvoxamine COVID-19","2022-09-01","AEs","Lenze 2020",NA,NA,11,80,NA,NA,6,72,7.619008,1.65,0.642999,4.234068,NA,NA,NA,NA,NA,NA,NA,"High risk","RR",0.500775287912489,0.231186868686869
"Fluvoxamine COVID-19","2022-09-01","AEs","TOGETHER 2021",NA,NA,92,741,NA,NA,92,756,92.380992,1.020243,0.778336,1.337334,NA,NA,NA,NA,NA,NA,NA,"High risk","RR",0.0200407508834464,0.0190668514467141
"Antibiotics COVID-19","2021-10-01","Mortality","Cavalcanti 2020",NA,NA,5,172,NA,NA,7,159,0.543248,0.660299,0.213897,2.038341,NA,NA,NA,NA,NA,NA,NA,"Low risk","RR",-0.415062511214435,0.33075388119267
"Antibiotics COVID-19","2021-10-01","Mortality","Sekhavati 2020",NA,NA,0,56,NA,NA,1,55,0.068287,0.327485,0.013628,7.869388,NA,NA,NA,NA,NA,NA,NA,"Some concerns","RR",-1.11631186576751,2.6312656641604
"Antibiotics COVID-19","2021-10-01","Mortality","Furtado 2020",NA,NA,90,212,NA,NA,73,183,12.283155,1.064228,0.839623,1.348918,NA,NA,NA,NA,NA,NA,NA,"Low risk","RR",0.0622501073512826,0.014628279241705
"Antibiotics COVID-19","2021-10-01","Mortality","RECOVERY 2021",NA,NA,561,2582,NA,NA,1162,5181,87.10531,0.968755,0.886246,1.058947,NA,NA,NA,NA,NA,NA,NA,"Low risk","RR",-0.0317432364809598,0.00206280679111542
"Antibiotics COVID-19","2021-10-01","Improvement","CJWT629A12301",NA,NA,7,7,NA,NA,7,7,20.535217,1,0.776444,1.287922,NA,NA,NA,NA,NA,NA,NA,"Low risk","RR",0,0.0166666666666667
"Antibiotics COVID-19","2021-10-01","Improvement","Furtado 2020",NA,NA,69,212,NA,NA,76,183,19.897371,0.783702,0.604848,1.015442,NA,NA,NA,NA,NA,NA,NA,"Low risk","RR",-0.243726957519663,0.0174691863536381
"Antibiotics COVID-19","2021-10-01","Improvement","RECOVERY 2021",NA,NA,1788,2582,NA,NA,3525,5181,59.567411,1.017808,0.985985,1.050657,NA,NA,NA,NA,NA,NA,NA,"Low risk","RR",0.0176510358952909,0.000262662458478428
"Antibiotics COVID-19","2021-10-01","SAEs","CJWT629A12301",NA,NA,0,7,NA,NA,1,7,0.559134,0.333333,0.015836,7.016577,NA,NA,NA,NA,NA,NA,NA,"Low risk","RR",-1.09861228866811,2.41666666666667
"Antibiotics COVID-19","2021-10-01","SAEs","Cavalcanti 2020",NA,NA,3,172,NA,NA,2,159,1.645387,1.386628,0.23474,8.190938,NA,NA,NA,NA,NA,NA,NA,"Low risk","RR",0.326874833514943,0.821230071668861
"Antibiotics COVID-19","2021-10-01","SAEs","NCT04335552",NA,NA,1,5,NA,NA,1,5,0.844526,1,0.083812,11.931478,NA,NA,NA,NA,NA,NA,NA,"Some concerns","RR",0,1.6
"Antibiotics COVID-19","2021-10-01","SAEs","Furtado 2020",NA,NA,102,241,NA,NA,75,198,96.950952,1.117344,0.886537,1.408241,NA,NA,NA,NA,NA,NA,NA,"Some concerns","RR",0.110954796951841,0.0139373722580947
"Antibiotics COVID-19","2021-10-01","AEs","CJWT629A12301",NA,NA,5,7,NA,NA,4,7,11.465146,1.25,0.564806,2.766435,NA,NA,NA,NA,NA,NA,NA,"Low risk","RR",0.22314355131421,0.164285714285714
"Antibiotics COVID-19","2021-10-01","AEs","Cavalcanti 2020",NA,NA,68,172,NA,NA,53,159,87.727614,1.186047,0.889973,1.580618,NA,NA,NA,NA,NA,NA,NA,"Some concerns","RR",0.170625517030763,0.0214705452167703
"Antibiotics COVID-19","2021-10-01","AEs","NCT04335552",NA,NA,1,5,NA,NA,0,5,0.80724,3,0.150276,59.889831,NA,NA,NA,NA,NA,NA,NA,"Some concerns","RR",1.09861228866811,2.33333333333333
"Antibiotics COVID-19","2021-10-01","Arrhythmias","Cavalcanti 2020",NA,NA,1,172,NA,NA,2,159,0.875912,0.462209,0.04232,5.048112,NA,NA,NA,NA,NA,NA,NA,"Low risk","RR",-0.771737455153167,1.48789673833553
"Antibiotics COVID-19","2021-10-01","Arrhythmias","Sekhavati 2020",NA,NA,0,56,NA,NA,0,55,0,NA,NA,NA,NA,NA,NA,NA,NA,NA,NA,"Some concerns","RR",-0.0176995770994015,3.96459899749373
"Antibiotics COVID-19","2021-10-01","Arrhythmias","Furtado 2020",NA,NA,8,241,NA,NA,5,198,4.12687,1.314523,0.436944,3.954669,NA,NA,NA,NA,NA,NA,NA,"Some concerns","RR",0.273473726449616,0.315800117356134
"Antibiotics COVID-19","2021-10-01","Arrhythmias","RECOVERY 2021",NA,NA,101,2314,NA,NA,224,4670,94.997219,0.90997,0.723315,1.144792,NA,NA,NA,NA,NA,NA,NA,"Low risk","RR",-0.0943440921044596,0.0137189909334376
"Chronic rhinosinusitis","2021-03-01","QoL","Bachert 2016",12.8,11,NA,30,30.2,19.6,NA,30,13.213193,-17.4,-25.442701,-9.357299,"Low risk","Low risk","Low risk","Low risk","High risk","Unclear risk","Low risk",NA,"MD",-17.4,16.8386666666667
"Chronic rhinosinusitis","2021-03-01","QoL","LIBERTY SINUS 24",18.58,14.92,NA,143,40.49,23.06,NA,133,40.05331,-21.91,-26.529411,-17.290589,"Low risk","Low risk","Low risk","Low risk","Unclear risk","Unclear risk","Low risk",NA,"MD",-21.91,5.55491066827909
"Chronic rhinosinusitis","2021-03-01","QoL","LIBERTY SINUS 52",23.89,18.77,NA,295,42.16,23.36,NA,153,46.733497,-18.27,-22.546532,-13.993468,"Low risk","Low risk","Low risk","Low risk","High risk","Unclear risk","Low risk",NA,"MD",-18.27,4.76087970975961
"Chronic rhinosinusitis","2021-03-01","VAS","Bachert 2016",-4.3,2.9459,NA,30,-2.2,3.4815,NA,30,8.343345,-2.1,-3.731964,-0.468036,"Low risk","Low risk","Low risk","Low risk","High risk","Unclear risk","Low risk",NA,"MD",-2.1,0.693305635333333
"Chronic rhinosinusitis","2021-03-01","VAS","LIBERTY SINUS 24",-4.54,2.7504,NA,143,-1.34,2.7678,NA,133,52.348607,-3.2,-3.85152,-2.54848,"Low risk","Low risk","Low risk","Low risk","Unclear risk","Unclear risk","Low risk",NA,"MD",-3.2,0.110499375855723
"Chronic rhinosinusitis","2021-03-01","VAS","LIBERTY SINUS 52",-4.32,3.2634,NA,295,-1.39,4.1221,NA,153,39.308048,-2.93,-3.681865,-2.178135,"Low risk","Low risk","Low risk","Low risk","High risk","Unclear risk","Low risk",NA,"MD",-2.93,0.147157865373435
